region,year,date,ndvi,ndwi,evi,lst_c,soil_moisture,rainfall_mm
Kansas_HRW,2017.0,2017-03-05,0.5415272008796893,-0.5704047120196153,0.3834297949758381,21.284037360910755,0.2264665872479906,0.5008594650003306
Kansas_HRW,2017.0,2017-03-12,0.5415272008796893,-0.5704047120196153,0.3834297949758381,20.155458766913,0.22303175152638663,4.64303969410438
Kansas_HRW,2017.0,2017-03-19,,,,20.25087217768586,0.2199120504608967,2.4561988839748743
Kansas_HRW,2017.0,2017-03-26,,,,23.977392156209664,0.21838129759625513,7.36176514077308
Kansas_HRW,2017.0,2017-04-02,0.4734783283574134,-0.5260395254288115,0.3389348518412416,20.18402329632533,0.26056353833625495,70.70000480445867
Kansas_HRW,2017.0,2017-04-09,0.5141391262657188,-0.5209221553308864,0.3505124957537935,20.097968496244615,0.2700293471496002,25.703798216913768
Kansas_HRW,2017.0,2017-04-16,0.6491939694100266,-0.6263149545213347,0.4324205911974959,24.439855998881775,0.26125178097710766,17.64928671745977
Kansas_HRW,2017.0,2017-04-23,0.7164477335050912,-0.676379942523687,0.4805550484996499,22.930348508440613,0.25799507094687235,7.835035371823539
Kansas_HRW,2017.0,2017-04-30,0.7164477335050912,-0.676379942523687,0.4805550484996499,20.716278093794166,0.2664533985046215,51.18064749836371
Kansas_HRW,2017.0,2017-05-07,0.7191487773058104,-0.6747982790499308,0.5397209760439564,24.01252031767114,0.2754340082533509,16.906108147479898
Kansas_HRW,2017.0,2017-05-14,0.7127706628990028,-0.6702061510879359,0.5172359912921588,28.16048995589902,0.27275441570322784,21.21201070488788
Kansas_HRW,2017.0,2017-05-21,0.7000144340853877,-0.6610218951639463,0.4722660217885635,24.74407105812362,0.2804051852161418,56.99334046546737
Kansas_HRW,2017.0,2017-05-28,0.6808810291263784,-0.6514542225345458,0.4464465334254939,26.61618827139908,0.2776377729044807,16.73597484470453
Kansas_HRW,2017.0,2017-06-04,0.6131989137390317,-0.6084847984216418,0.3881059850620405,32.30925557325441,0.26516224216120116,10.71977053027277
Kansas_HRW,2017.0,2017-06-11,0.4267904500366928,-0.4949080511527941,0.25752905107941587,33.73576781469434,0.2538582363749063,13.502235346686746
Kansas_HRW,2017.0,2017-06-18,0.2999805602165763,-0.41558598077970965,0.1882412060503893,37.41011693538155,0.24101690899155345,19.350811980087457
Kansas_HRW,2017.0,2017-06-25,0.256392893333274,-0.4009056680854434,0.1701407939730761,36.54233317909969,0.23517108059595124,12.217158998575874
Kansas_HRW,2017.0,2017-07-02,0.1931937174134171,-0.2866005002246473,0.08475369150310748,35.04920954471627,0.23797157761834795,23.71715247677504
Kansas_HRW,2017.0,2017-07-09,0.21310001044611498,-0.31384878520650694,0.13112492318060412,37.686982045443706,0.2324868006697394,20.07913202603863
Kansas_HRW,2017.0,2017-07-16,0.24472110126239324,-0.3757646401323823,0.17553101372952423,39.67683623217048,0.22190719137243012,8.686431015485093
Kansas_HRW,2018.0,2018-03-04,0.24421208541029124,-0.37504833466364135,0.15812850486011537,21.102728535652666,0.2097108905584744,0.13195694371755
Kansas_HRW,2018.0,2018-03-11,0.2587967927549331,-0.38465483571392456,0.16847706166843376,18.385374342316684,0.2070567633501673,0.5301226868944967
Kansas_HRW,2018.0,2018-03-18,0.26024572311989264,-0.3727446263975036,0.18329586750447963,23.393002589460917,0.2098703904379883,1.8280207777934925
Kansas_HRW,2018.0,2018-03-25,0.28314522251306995,-0.3935969523746377,0.19707522768799177,20.40453263893054,0.21883239529810536,22.947630833929658
Kansas_HRW,2018.0,2018-04-01,0.3005298821490635,-0.3919513627743877,0.23212025275226758,20.45996635961823,0.21912394011274527,8.070997124195046
Kansas_HRW,2018.0,2018-04-08,0.364202138644856,-0.42904203156209253,0.2800283345864918,19.03804614114669,0.21543244265949693,6.477790199456809
Kansas_HRW,2018.0,2018-04-15,0.48399036240085425,-0.5196132653147659,0.3731289967832196,25.040511547933022,0.2117169214819146,4.463489402272113
Kansas_HRW,2018.0,2018-04-22,0.3944449049107061,-0.4652214351974683,0.2975128214620925,25.47235799981384,0.21397442538936065,19.843434789104464
Kansas_HRW,2018.0,2018-04-29,0.4167780819191176,-0.4611117214199582,0.3171889122984007,26.660013115254365,0.2180102058382836,2.0248563250480953
Kansas_HRW,2018.0,2018-05-06,0.5615405732448029,-0.5571368055606214,0.452241253581336,29.81666336498437,0.22213697771592286,27.46889862977337
Kansas_HRW,2018.0,2018-05-13,0.505642571218815,-0.5270540530478931,0.37657648949631534,33.44383315651544,0.21567641673762025,14.734517029480509
Kansas_HRW,2018.0,2018-05-20,0.4893955263930231,-0.5134372691767929,0.3529522049029015,31.90780474593927,0.21517730492825748,30.420817175297163
Kansas_HRW,2018.0,2018-05-27,0.5640001521540521,-0.5623402962841161,0.40089029923088315,34.75613661430002,0.21782398726626898,12.91599878097437
Kansas_HRW,2018.0,2018-06-03,0.4858824542430314,-0.5220970874525411,0.31283123765911053,34.07840950535152,0.22317623786695603,34.72156878826134
Kansas_HRW,2018.0,2018-06-10,0.43229416678045995,-0.49040679600558906,0.2895237411067094,36.59761454551819,0.21425637985953314,12.067982386591119
Kansas_HRW,2018.0,2018-06-17,0.27216927427771387,-0.39243936784198513,0.20239424982688328,38.33249256957153,0.20378245911072992,19.62354911047453
Kansas_HRW,2018.0,2018-06-24,0.23333231540283328,-0.3583966946684995,0.18083798763274608,34.35549787488271,0.22848314212253729,53.354568395884584
Kansas_HRW,2018.0,2018-07-01,0.2771533737429812,-0.37686053986632767,0.18878297440046818,35.429075189002965,0.23635662521263712,23.094134948629687
Kansas_HRW,2018.0,2018-07-08,0.2861641336376551,-0.3652379495116592,0.22422568447908636,35.90645735561106,0.2254815759435428,8.820233502051314
Kansas_HRW,2018.0,2018-07-15,0.29519599717993417,-0.37142044706998134,0.24109480266629113,38.7694337517514,0.21545600728412956,14.446816005802033
Kansas_HRW,2019.0,2019-03-03,0.156752241305568,-0.2228985872090429,0.1112434708417445,-3.5854318070295554,0.3039065440068259,7.307946325773652
Kansas_HRW,2019.0,2019-03-10,0.15303440502762644,-0.21570215431566142,0.09442078420439515,1.140191782254275,0.3064938355305967,6.422454017909039
Kansas_HRW,2019.0,2019-03-17,0.32471281725993123,-0.4383884095357962,0.1772268268202998,13.72081076437468,0.3107144068261607,22.74066049648717
Kansas_HRW,2019.0,2019-03-24,0.32858740857330415,-0.43115997783864224,0.20733990776766623,17.797552443383697,0.31276653588705294,10.410452619032853
Kansas_HRW,2019.0,2019-03-31,0.3862544004166047,-0.45370215731388247,0.25974853835732276,15.644596399382507,0.3113113013579642,5.250312611529387
Kansas_HRW,2019.0,2019-04-07,0.3845791081281496,-0.43101824868021266,0.2879825780695623,20.8275627005842,0.3069496883876775,3.3180165921335494
Kansas_HRW,2019.0,2019-04-14,0.5064869913839029,-0.5349924298960204,0.3743205526725302,25.662270759985258,0.29916059939374945,4.740281877714604
Kansas_HRW,2019.0,2019-04-21,0.5708807846192919,-0.565550011102257,0.4352523723871854,28.703306249076416,0.28814862050955764,3.7387162293946257
Kansas_HRW,2019.0,2019-04-28,0.5473349064994543,-0.5427262708278403,190793879.48201627,25.911785080953013,0.2821841670376219,7.848860221578271
Kansas_HRW,2019.0,2019-05-05,0.5796734093814669,-0.5613560595080879,0.47434348416555755,20.363372368260535,0.293394647679545,30.563263176470265
Kansas_HRW,2019.0,2019-05-12,0.6374908653590049,-0.594524657432408,0.492857849481977,23.156870572425767,0.30876398162722757,82.76149333255258
Kansas_HRW,2019.0,2019-05-19,0.6582885395652965,-0.6281859877179716,0.47590885399762695,28.966159344801316,0.3155350146998649,19.168413131009444
Kansas_HRW,2019.0,2019-05-26,0.6570214945870814,-0.6335650841412177,0.4660916940032275,21.392128477739245,0.3302475436567599,110.49397885212771
Kansas_HRW,2019.0,2019-06-02,0.6322829488863929,-0.5968025138032357,0.44970695351130296,28.252600987014755,0.3309845719208398,24.146769575243834
Kansas_HRW,2019.0,2019-06-09,0.605782197216281,-0.5875737354331008,0.4213849445898891,33.0423734478241,0.3154500292440176,28.60062250458114
Kansas_HRW,2019.0,2019-06-16,0.5118347434124322,-0.5354875524713787,0.3226257598984753,29.812524869105726,0.3086166887961359,16.264349135513232
Kansas_HRW,2019.0,2019-06-23,0.3945025607615008,-0.462748120717987,0.2351775505517397,29.49217099056124,0.3080789680950992,45.31481002748276
Kansas_HRW,2019.0,2019-06-30,0.31337405727390666,-0.41982104149420346,0.21360330588079957,35.67285079151521,0.3020893095870959,5.189358699947227
Kansas_HRW,2019.0,2019-07-07,0.3128672395512675,-0.4194730913326424,0.21640636072252772,35.13963357875387,0.2949882794630173,27.710363075434703
Kansas_HRW,2019.0,2019-07-14,0.30460298592383367,-0.41291417177291617,0.21340418210447032,35.78152111162867,0.29096065200020216,9.675153849189199
Kansas_HRW,2021.0,2021-03-07,0.355942938654993,-0.45391461006620526,0.2433317909686369,20.682261943351104,0.2316479775955194,9.43708837091213
Kansas_HRW,2021.0,2021-03-14,0.38595596925494535,-0.4684930027731559,-86479698.19509771,20.504963987226922,0.23566572480345607,42.96075653501064
Kansas_HRW,2021.0,2021-03-21,0.45167253913702493,-0.4996216635900287,0.3152447439027342,17.941848920379982,0.2624834694553528,11.66892680866467
Kansas_HRW,2021.0,2021-03-28,0.4741718751590998,-0.5155395645485127,0.33571735285283744,17.54016554702674,0.2760594621973232,37.4263762159912
Kansas_HRW,2021.0,2021-04-04,0.549387548065283,-0.5588441521727623,0.4246036370004105,23.9441156731498,0.2621647254113545,0.0564208655716036
Kansas_HRW,2021.0,2021-04-11,0.6318767042716702,-0.6191782282943993,0.5180234325077716,26.583068283754756,0.2570702696961888,13.790028956304099
Kansas_HRW,2021.0,2021-04-18,0.6154326162517361,-0.5993541454296336,0.49981306692538174,19.1228636461218,0.2563540784060288,2.789098719309756
Kansas_HRW,2021.0,2021-04-25,0.6631667257111447,-0.6304381109554242,0.5392839718193443,20.43647581065115,0.2580056738646444,9.97167890379822
Kansas_HRW,2021.0,2021-05-02,0.7022345239814042,-0.674382053512791,0.5631995845507518,30.16365364862083,0.24624288809058212,1.608347310248566
Kansas_HRW,2021.0,2021-05-09,0.6974357408115447,-0.6603257856773058,0.5574951564482534,25.087859025014268,0.2508003007884107,19.599235430063896
Kansas_HRW,2021.0,2021-05-16,0.7133374511798745,-0.6683559686351106,0.5412039400068509,23.42728331868841,0.2516286983243282,44.907795271911674
Kansas_HRW,2021.0,2021-05-23,0.6895159364326988,-0.6328844105627572,0.521441812273494,25.788289731126344,0.2655158214704025,20.270547204310823
Kansas_HRW,2021.0,2021-05-30,0.5925035631112135,-0.5628316601770392,0.45492843670363275,26.51569653745809,0.2619856078118606,43.53622396819486
Kansas_HRW,2021.0,2021-06-06,0.5914785176586665,-0.5751257204140765,0.39823004059373945,28.611504142196274,0.2678852194398914,16.51058271200844
Kansas_HRW,2021.0,2021-06-13,0.5289312537076711,-0.5213533760178732,0.41226607443079216,34.82547861087733,0.246119724756776,0.7131689288567554
Kansas_HRW,2021.0,2021-06-20,0.33682992418633095,-0.45642087391179337,0.2128983346167011,41.62141616123922,0.2276655482315103,7.403343840756721
Kansas_HRW,2021.0,2021-06-27,0.25900771533758954,-0.40588526742169,0.18297199686797957,35.18586737571753,0.2276403638914094,36.22543102135247
Kansas_HRW,2021.0,2021-07-04,0.2418278866064948,-0.36350629241532856,0.17526691196885646,32.44463555831073,0.24513513889170943,13.992058003363713
Kansas_HRW,2021.0,2021-07-11,0.23612835814842176,-0.35253578315983924,0.17715367605814816,35.05022996042745,0.2353664828266474,12.988717877494508
Kansas_HRW,2021.0,2021-07-18,0.27344302478769333,-0.38899684685777897,0.1987772967319,38.20301344770317,0.2231395616313554,2.3036099881268166
Kansas_HRW,2022.0,2022-03-06,0.3176662043896387,-0.43387207835846126,0.23647868258033167,23.437573924881878,0.21124609449135937,2.3167702201107616
Kansas_HRW,2022.0,2022-03-13,0.1757324301180583,-0.23923480559020227,0.15267217762896781,11.538669742981272,0.2136272474587075,1.6402799091786304
Kansas_HRW,2022.0,2022-03-20,0.3397695151287156,-0.4568367406988279,0.2495309190847205,22.32543031670071,0.2195220499845905,22.163365612528246
Kansas_HRW,2022.0,2022-03-27,0.34054151380516984,-0.45131531653217005,0.25642208984153936,17.486725789012905,0.2344812497999176,11.477509263020652
Kansas_HRW,2022.0,2022-04-03,0.40833166699641144,-0.49008627150062917,0.30458608581890123,21.120735319110477,0.22732270511839428,1.6599850548116561
Kansas_HRW,2022.0,2022-04-10,0.44886907846856333,-0.5089188481849297,0.35323475681806965,22.843936298460143,0.2204059956529074,1.249281220645718
Kansas_HRW,2022.0,2022-04-17,0.5038549829736507,-0.5447849891036152,0.394762359435657,25.691648297219945,0.21327356408255702,3.3068119786976693
Kansas_HRW,2022.0,2022-04-24,0.5189971845087815,-0.5521609209350059,0.41374518191701176,26.626941794750675,0.2101939001119203,7.746774962014714
Kansas_HRW,2022.0,2022-05-01,0.5757158062061603,-0.5900137793126013,0.44383661681898673,29.025283102056076,0.2076704237423401,7.538184675460959
Kansas_HRW,2022.0,2022-05-08,0.5300339493677961,-0.5509626280948702,0.3937124222044291,23.911524017894795,0.2272658319278332,27.444523441415598
Kansas_HRW,2022.0,2022-05-15,0.5441046033256204,-0.5696574961682128,0.39510468491575235,35.11380996088992,0.2140949328327714,11.005427370265828
Kansas_HRW,2022.0,2022-05-22,0.4919332223394052,-0.5302896273618553,0.35373968551104173,31.49331431575867,0.20871201482044946,17.230851028519282
Kansas_HRW,2022.0,2022-05-29,0.517600500692135,-0.5465050184928457,0.3396443325771412,31.32008247877568,0.2359266122045621,58.24908104848074
Kansas_HRW,2022.0,2022-06-05,0.41850987225202047,-0.47316924729111076,0.26282748389724025,31.0874911685624,0.2307271580412381,31.325484106131203
Kansas_HRW,2022.0,2022-06-12,0.3669113736783259,-0.4309890742379731,0.2265262824333933,32.26971824967757,0.2466767698569843,34.884682769275734
Kansas_HRW,2022.0,2022-06-19,0.25981432282756867,-0.37794309965762724,0.17046093400022516,38.82915055425115,0.2201579861335652,3.976171916133849
Kansas_HRW,2022.0,2022-06-26,0.21075009671699968,-0.3494119869228145,0.15299154900620673,38.5012615047795,0.2151343068294962,13.804430791315095
Kansas_HRW,2022.0,2022-07-03,0.23051746847678836,-0.353816918109242,0.16078568788068612,39.2087805963727,0.21283973695463673,12.797364305542157
Kansas_HRW,2022.0,2022-07-10,0.2319947379792378,-0.35756591418455436,0.16171615298356615,40.06605456525951,0.2116270017328918,13.61267505362468
Kansas_HRW,2022.0,2022-07-17,0.25259641368810315,-0.36743704756473605,0.17859936814427013,41.501933672894566,0.2026532676936461,0.2369979275691924
Kansas_HRW,2023.0,2023-03-05,0.24733442996355656,-0.385035436391144,0.16644530791122916,16.225931289297513,0.2170915239690352,2.7290291943834335
Kansas_HRW,2023.0,2023-03-12,0.20789271039573656,-0.34800758746874516,0.14474473847338348,13.412552683345998,0.21353260918992203,4.334376032260613
Kansas_HRW,2023.0,2023-03-19,0.2266165964705623,-0.3619347233476577,0.16189981541150825,14.57932494306931,0.21037044756302228,4.412699950797284
Kansas_HRW,2023.0,2023-03-26,0.3248128725351443,-0.4064874044142312,0.24351103973311503,20.085503922506387,0.2074521500035793,5.144378266770073
Kansas_HRW,2023.0,2023-04-02,0.319438996424045,-0.415582108640244,0.2300922679784056,24.330509792775732,0.20473236186089872,0.6793131043487941
Kansas_HRW,2023.0,2023-04-09,0.36405686571365653,-0.4465445044402526,0.27112452130408876,28.35444791683899,0.1995283821500363,0.7391785522191545
Kansas_HRW,2023.0,2023-04-16,0.4068211507922781,-0.47599252935788094,0.3152613696531011,33.37950406068816,0.19772308546252781,6.665578201778235
Kansas_HRW,2023.0,2023-04-23,0.3871224323309412,-0.4587041230116551,0.2908705125263869,27.953312878336842,0.19644269316886231,2.228132631514193
Kansas_HRW,2023.0,2023-04-30,0.4461825051294896,-0.506550970525013,0.3241887233933537,26.319911024238678,0.20580983182229906,18.598063201139418
Kansas_HRW,2023.0,2023-05-07,0.3821921398707061,-0.46413792564173273,0.2727913782781021,33.818350085139514,0.1995061468283026,4.813353825394857
Kansas_HRW,2023.0,2023-05-14,0.45413019901698604,-0.5147957389698126,0.3151705243515143,34.66513031707233,0.2049201689164318,24.647646932601962
Kansas_HRW,2023.0,2023-05-21,0.42670929443135414,-0.482901839147399,0.28372913975736447,31.7625977299491,0.215272465212895,25.630619436265157
Kansas_HRW,2023.0,2023-05-28,0.40832329128284595,-0.4124667188488455,0.3580051088637743,31.754185014708973,0.21257815965657498,8.178067808203025
Kansas_HRW,2023.0,2023-06-04,0.4531269808981402,-0.4954731059760849,0.3256875494267672,32.224150981149236,0.22390241776092049,45.76136813732237
Kansas_HRW,2023.0,2023-06-11,0.4072156943775198,-0.46045005869642286,0.27066946111829226,32.40644949239191,0.22762524585917018,26.304014574673708
Kansas_HRW,2023.0,2023-06-18,0.403611491626711,-0.4538305205986212,0.2713328619895904,31.75728875421643,0.2340340121999367,35.7371355209273
Kansas_HRW,2023.0,2023-06-25,0.43121141591284246,-0.4769276754616907,0.2885452501505979,32.956708496245575,0.23170578401282063,16.174768861404836
Kansas_HRW,2023.0,2023-07-02,0.35803290330566584,-0.4332917008051374,0.2550779699172621,36.38212458152865,0.22264289974298243,16.212663580337193
Kansas_HRW,2023.0,2023-07-09,0.3231812497754222,-0.41334952056678,0.22445327656229627,31.276734959726152,0.23273270024041928,44.7087932951103
Kansas_HRW,2023.0,2023-07-16,0.36267914615111685,-0.42856460621528747,0.2436329022208422,35.03978893663084,0.2293848111870047,15.437830275004893
Kansas_HRW,2024.0,2024-03-03,0.4939022798610066,-0.5352794240967144,0.3761112752131691,17.376117608150338,0.24238339743667217,0.4453985232036223
Kansas_HRW,2024.0,2024-03-10,0.5235097247516143,-0.5520603554693612,0.391281656268832,14.346451164477353,0.24217971922757345,3.944458663996113
Kansas_HRW,2024.0,2024-03-17,0.556792561287862,-0.5859440557475369,0.41147773608710553,18.627239874756402,0.2404074475123493,5.329970117245515
Kansas_HRW,2024.0,2024-03-24,0.5675232832723466,-0.5846642428146552,0.43710856206079834,18.469369607685362,0.237510648042592,4.367007565311306
Kansas_HRW,2024.0,2024-03-31,0.5939587475663928,-0.6036463192760532,0.4480852747378239,18.738521173283118,0.2355378568765988,5.964831744036751
Kansas_HRW,2024.0,2024-04-07,0.6067225883577584,-0.6122658386227536,0.46176263351185753,21.16660653369558,0.23086879233194493,3.5944766785018043
Kansas_HRW,2024.0,2024-04-14,0.6482679347503615,-0.6457919745064385,0.5080886105987177,28.234035678235454,0.22240640650362278,0.6912810692198226
Kansas_HRW,2024.0,2024-04-21,0.61732025539905,-0.6299844595014337,0.4593087788497628,29.153069963388766,0.21571458603630014,3.198720256721609
Kansas_HRW,2024.0,2024-04-28,0.6528504238826447,-0.6591222880966031,0.4809876116830914,28.248779517759935,0.21417342235370165,11.290806089622421
Kansas_HRW,2024.0,2024-05-05,0.5945459909656279,-0.6010968582119924,0.4297008055997364,26.016990525712917,0.21935283997892607,24.783226717479504
Kansas_HRW,2024.0,2024-05-12,0.6014192350549743,-0.6208990134064649,0.43485349471705065,27.779804887680594,0.2219193273529445,6.556183860742898
Kansas_HRW,2024.0,2024-05-19,0.6017993113578513,-0.6022494757148975,0.4332577521602755,29.564032500234475,0.2216752647701944,28.65576955955054
Kansas_HRW,2024.0,2024-05-26,0.49536288891900326,-0.5330190083679059,0.33414604656096436,29.6376096711633,0.2201446234727932,10.04218133605742
Kansas_HRW,2024.0,2024-06-02,0.44935416418974994,-0.5120748595927637,0.29570077122734545,30.144487232577287,0.2241770941637804,40.563582049768776
Kansas_HRW,2024.0,2024-06-09,0.32678549619612446,-0.44323162388602927,0.18996601049682846,31.574796304787146,0.23361943241337035,42.18770760609081
Kansas_HRW,2024.0,2024-06-16,0.2452710774669487,-0.36856935980049926,0.1569592131050701,33.76155507708463,0.2340980594664678,14.21883447429536
Kansas_HRW,2024.0,2024-06-23,0.2304513990305971,-0.3435285698354062,-65573932.929548986,32.38732704605695,0.23080596838164924,22.59072514872727
Kansas_HRW,2024.0,2024-06-30,0.24062146360668457,-0.3704556630108143,0.16483958754373576,36.903634298652925,0.22804709040677165,21.507146764949994
Kansas_HRW,2024.0,2024-07-07,0.2550445543535721,-0.3429093975027181,0.19464884639183683,31.877788755882836,0.23005954365080064,38.489421794799554
Kansas_HRW,2024.0,2024-07-14,0.2923265337903453,-0.3794128463322356,0.1972418833372383,37.35088384524864,0.2249385527206624,1.3155004844088363
NorthDakota_HRS,2015.0,2015-04-19,,,,22.065891631908936,0.2226049190403483,0.7452627034371243
NorthDakota_HRS,2015.0,2015-04-26,,,,20.191372927214445,0.22150852496133455,2.2948096692271855
NorthDakota_HRS,2015.0,2015-05-03,,,,27.78817062726359,0.2169571192336062,1.6138764848319007
NorthDakota_HRS,2015.0,2015-05-10,,,,26.675473743487256,0.22340153248247985,9.622162065947283
NorthDakota_HRS,2015.0,2015-05-17,,,,21.70320583345615,0.24179314489257017,73.63469545202136
NorthDakota_HRS,2015.0,2015-05-24,,,,26.3268732482948,0.24234472786804198,0.073525974093362
NorthDakota_HRS,2015.0,2015-05-31,,,,28.4348827912732,0.23471354008300316,9.768635740178015
NorthDakota_HRS,2015.0,2015-06-07,,,,23.88287744638195,0.260432854572237,55.16845527314352
NorthDakota_HRS,2015.0,2015-06-14,,,,30.04004374909426,0.2530301999496389,2.320915412711643
NorthDakota_HRS,2015.0,2015-06-21,,,,24.67571973111422,0.24936364694071744,22.671741741853694
NorthDakota_HRS,2015.0,2015-06-28,,,,26.318218072130275,0.24582513868059164,21.600627230146742
NorthDakota_HRS,2015.0,2015-07-05,,,,26.177280707617196,0.23934717680509796,23.344928932981688
NorthDakota_HRS,2015.0,2015-07-12,,,,24.592321795425846,0.24073561269655633,13.916417781832877
NorthDakota_HRS,2015.0,2015-07-19,,,,23.9152941671147,0.24628905569900694,32.68556924537059
NorthDakota_HRS,2015.0,2015-07-26,,,,26.944502482593354,0.24045673986557217,20.13826584838058
NorthDakota_HRS,2015.0,2015-08-02,,,,26.70364617356803,0.22705166725262774,10.9705581582084
NorthDakota_HRS,2015.0,2015-08-09,,,,26.736351147561226,0.21833642430699482,4.542154592682241
NorthDakota_HRS,2015.0,2015-08-16,,,,31.29805454429737,0.210670396065084,1.2291399439977102
NorthDakota_HRS,2015.0,2015-08-23,,,,24.938587755015533,0.2172814648029541,21.593112175678282
NorthDakota_HRS,2015.0,2015-08-30,,,,27.317446359267752,0.22283262032842888,0.0743916415404723
NorthDakota_HRS,2015.0,2015-09-06,,,,28.70776670219633,0.2251881451222406,31.656863379353727
NorthDakota_HRS,2015.0,2015-09-13,,,,24.396689451745576,0.22857168062050237,0.0177899003523219
NorthDakota_HRS,2015.0,2015-09-20,0.2390423359922467,-0.3202520349884903,0.1403116324191562,23.265975057823503,0.229185948837046,0.0
NorthDakota_HRS,2016.0,2016-04-17,,,,17.25684449833286,0.2485673053928565,21.48331901735097
NorthDakota_HRS,2016.0,2016-04-24,0.0716166763778962,-0.0955275677420084,0.0861685371651055,16.725875869720408,0.24663139124238898,11.974402777732852
NorthDakota_HRS,2016.0,2016-05-01,0.10178430096736174,-0.15037090552674173,0.08840079840111699,20.720582781079965,0.24065559759390331,17.075546946697102
NorthDakota_HRS,2016.0,2016-05-08,0.180564627895447,-0.2906801448832967,0.10345043561691585,30.917475158189273,0.23279629601751173,0.0309943479564679
NorthDakota_HRS,2016.0,2016-05-15,0.1879426589951087,-0.302929170398132,0.1076844815144262,25.694985402083777,0.2272497108046014,1.1019157327629074
NorthDakota_HRS,2016.0,2016-05-22,0.2160395073318765,-0.3091627506694706,0.1308226208763263,30.91798214381907,0.2293448625401213,2.250687806226632
NorthDakota_HRS,2016.0,2016-05-29,0.3349404883641514,-0.3933768403955266,0.2041943069749269,26.82262383900443,0.2456791414968528,24.41555026222521
NorthDakota_HRS,2016.0,2016-06-05,,,,23.507629460297466,0.256229754307305,39.5216420233478
NorthDakota_HRS,2016.0,2016-06-12,0.4121562622855355,-0.37561423239543873,0.17564289717839157,26.29692996948366,0.2538294514296922,49.30600386548106
NorthDakota_HRS,2016.0,2016-06-19,0.7289199322141652,-0.6500632723228172,0.5224838617417933,28.02957379906199,0.25189211798254374,31.82200319116668
NorthDakota_HRS,2016.0,2016-06-26,0.8274840142141237,-0.7333266323669102,0.6996455740662296,25.35313135175935,0.24416865250941275,12.418018922620577
NorthDakota_HRS,2016.0,2016-07-03,0.8306706144820662,-0.7538705395318336,0.7481982382901826,25.828520645947513,0.23417081220188427,0.330070867601097
NorthDakota_HRS,2016.0,2016-07-10,0.7058041830053998,-0.6788706625610432,0.4841222478400393,25.00592060796961,0.24006353772176978,48.545964343602705
NorthDakota_HRS,2016.0,2016-07-17,0.7160739224489143,-0.6822075242896682,0.49737360833026356,21.444308753996115,0.2526702489632047,54.229515623457665
NorthDakota_HRS,2016.0,2016-07-24,0.6778170620152542,-0.6036997700987012,0.5060997502057988,26.18646895294965,0.25359094892714,28.58358228426422
NorthDakota_HRS,2016.0,2016-07-31,0.5501030698966588,-0.5386472662675014,0.44153403414525627,25.618192448607097,0.24679714810046738,4.167869748316754
NorthDakota_HRS,2016.0,2016-08-07,0.44677495867717726,-0.5023941393083639,0.3541932962380161,26.42766745512406,0.2412405158656217,17.283870285121704
NorthDakota_HRS,2016.0,2016-08-14,0.3319905052963166,-0.4568635640876517,0.2210652722538437,25.792226688254914,0.2425091484236074,23.930940352442718
NorthDakota_HRS,2016.0,2016-08-21,,,,25.64819335960585,0.24589497680464892,22.2973377614229
NorthDakota_HRS,2016.0,2016-08-28,0.2646590772282481,-0.3783082426824524,0.1906271048928884,26.135173420321255,0.24151024340048996,2.04462539506029
NorthDakota_HRS,2016.0,2016-09-04,0.2702069405641942,-0.40959443543778956,0.16804944781612283,26.30294455991193,0.24012044447272352,30.330305589229045
NorthDakota_HRS,2016.0,2016-09-11,0.273377179971832,-0.4129695538919636,0.1848268950137097,19.912442791902574,0.24704706424133618,18.939964629988577
NorthDakota_HRS,2016.0,2016-09-18,0.2036260702844691,-0.276881087056741,0.2417148820613866,18.890604348893984,0.249644914196132,0.1095253963966723
NorthDakota_HRS,2017.0,2017-04-16,,,,13.831457130973602,0.263463838709947,0.002777541999937
NorthDakota_HRS,2017.0,2017-04-23,,,,16.147935719234717,0.2633209046729457,13.095732005694233
NorthDakota_HRS,2017.0,2017-04-30,,,,18.56660120439431,0.26133640987755086,7.728655826029247
NorthDakota_HRS,2017.0,2017-05-07,0.1913970239359291,-0.2895250964421735,0.1113206760841455,27.720582991402562,0.2561047498309537,0.0446210138376531
NorthDakota_HRS,2017.0,2017-05-14,0.20466764225290454,-0.3007068435340222,0.11767000310093925,26.61548318628841,0.25081631532305476,10.994260946206627
NorthDakota_HRS,2017.0,2017-05-21,0.2339898036014502,-0.3231493381295724,0.1261567646747351,26.11682656592496,0.24689862624088263,19.595179995049506
NorthDakota_HRS,2017.0,2017-05-28,,,,23.520906493050116,0.24396599305736721,0.0024754628084509
NorthDakota_HRS,2017.0,2017-06-04,0.389478042454503,-0.4129567802504678,0.2541977105968526,31.17908636539635,0.23840871382180615,7.544065753650057
NorthDakota_HRS,2017.0,2017-06-11,0.41449313708393526,-0.4285371213121347,0.280579677422424,32.91422893374646,0.23757194771445442,15.66656984813735
NorthDakota_HRS,2017.0,2017-06-18,0.4186699238572,-0.437185382373952,0.2866686444854226,23.646631705484538,0.24824473347504195,37.242751866914475
NorthDakota_HRS,2017.0,2017-06-25,0.7429764623771627,-0.6710112348669487,0.6172623073129978,23.40055479583759,0.24892675023497532,0.0
NorthDakota_HRS,2017.0,2017-07-02,0.7030010866524873,-0.6496988246606249,0.5350959849930153,25.875084602208325,0.23642189195831342,15.978093464039087
NorthDakota_HRS,2017.0,2017-07-09,0.7495412238376131,-0.6803298798454419,0.6593611835973208,30.9323025531232,0.22581096742103127,9.036484923639392
NorthDakota_HRS,2017.0,2017-07-16,0.7610986772268998,-0.7068952522176183,0.6319824932221462,28.215299433073596,0.2147023318282306,13.336787515654068
NorthDakota_HRS,2017.0,2017-07-23,0.7393413945295605,-0.6924097843772253,0.5671580394166401,27.524839286445882,0.21004915002210786,12.923839940820512
NorthDakota_HRS,2017.0,2017-07-30,0.7194055373436242,-0.6630595884396847,-3703953117.0079074,28.617897343856978,0.207093368147231,5.848059621245523
NorthDakota_HRS,2017.0,2017-08-06,0.607629888834777,-0.5862905914341354,0.48057689076187465,26.072319701900565,0.20971881411348425,23.579409575031555
NorthDakota_HRS,2017.0,2017-08-13,0.47273852809120925,-0.5425440708734289,0.2786544586604051,24.63758552991755,0.218070448146974,13.070484290829558
NorthDakota_HRS,2017.0,2017-08-20,0.38876836149940913,-0.47482257414909695,0.24917514118258946,25.97155198995327,0.21691888666692175,10.937546131446584
NorthDakota_HRS,2017.0,2017-08-27,0.3121819291068934,-0.4243911504803195,0.19269175054013218,24.82381000466668,0.2117393207177879,0.5645847575184129
NorthDakota_HRS,2017.0,2017-09-03,0.2612905950223456,-0.38889229533659675,0.17033756112572293,29.77949591187002,0.20273007044022462,0.5997397655052591
NorthDakota_HRS,2017.0,2017-09-10,0.2507480086980663,-0.3828616141409006,0.17225173568476598,26.02278673806084,0.1978251183439238,0.3511703496761317
NorthDakota_HRS,2017.0,2017-09-17,0.2622530764235073,-0.3961789310658614,0.182779997182143,29.169818894395274,0.195435722418064,3.445032343960358
NorthDakota_HRS,2018.0,2018-04-15,,,,4.257469851621766,0.226921794276921,0.0
NorthDakota_HRS,2018.0,2018-04-22,0.10448644477978301,-0.18284522587896448,0.06754257463454484,13.20889400904492,0.2271193199573698,5.409894419650747
NorthDakota_HRS,2018.0,2018-04-29,0.17594908868135586,-0.2850410428356239,0.09146517516602921,19.978115366605987,0.227203711675129,2.22759313035859
NorthDakota_HRS,2018.0,2018-05-06,0.17267953080353202,-0.28306273017401584,0.09721793675735482,27.233872060829775,0.22199214499257225,3.6020819649831552
NorthDakota_HRS,2018.0,2018-05-13,0.17437288391628541,-0.2710842910821378,0.1044897328901309,28.775560786188457,0.21829631920122664,10.26098859841246
NorthDakota_HRS,2018.0,2018-05-20,0.19227576422879805,-0.29927783997820245,0.1090951401479333,32.99228798255501,0.2182677799378064,24.54776563984543
NorthDakota_HRS,2018.0,2018-05-27,0.23170719216284277,-0.3315798834706759,0.13134817022994963,34.15609146462854,0.2232974867766381,18.591155653959362
NorthDakota_HRS,2018.0,2018-06-03,0.3278089340619205,-0.3785386979147594,0.19290328825281633,31.364847253588998,0.22331032992835853,32.38272255392506
NorthDakota_HRS,2018.0,2018-06-10,0.45565903714317735,-0.46423753209567675,0.30865055397432334,31.234791644940483,0.2317313424869498,8.878714721810542
NorthDakota_HRS,2018.0,2018-06-17,0.6517546641308637,-0.5782898051314094,9621084.698031783,25.68835772968116,0.23430159862187083,41.24931623932564
NorthDakota_HRS,2018.0,2018-06-24,0.7170935784449348,-0.6396859741386364,0.5874911721229947,29.06181551406299,0.22528404472692576,6.162313688986847
NorthDakota_HRS,2018.0,2018-07-01,0.7154464153123069,-0.6405237177723525,0.6202619967761124,26.30252024359808,0.2234637358266601,40.60683486186942
NorthDakota_HRS,2018.0,2018-07-08,0.7770818793714745,-0.6998164793462843,-195363788.6204617,26.666848142472922,0.2279011892605182,31.728494259436882
NorthDakota_HRS,2018.0,2018-07-15,0.8005406850414064,-0.7301867519886692,-195363788.63720474,28.311782451650412,0.2107855674861876,21.237180433336786
NorthDakota_HRS,2018.0,2018-07-22,0.7290807398624489,-0.6821700601599682,-39885359.818773314,25.863043135409665,0.19828584186354106,14.852630797290033
NorthDakota_HRS,2018.0,2018-07-29,0.663720543534349,-0.6461485646834159,0.47154356063626096,24.110140592087344,0.19925826816788797,0.3573003824455532
NorthDakota_HRS,2018.0,2018-08-05,0.4991278132619175,-0.5609612847454983,0.3318104883867562,27.040091052346074,0.1915078768065398,4.329384947853323
NorthDakota_HRS,2018.0,2018-08-12,0.34871072757126537,-0.4517945656716068,0.2701169160046365,32.24439301925621,0.18597477629536197,0.2290423977116285
NorthDakota_HRS,2018.0,2018-08-19,0.25904263375705344,-0.3523748990754178,0.23683303727590962,29.313360648985597,0.18038770493010828,16.271656883835682
NorthDakota_HRS,2018.0,2018-08-26,0.23037183557116747,-0.3443393353699252,0.23599777528774668,29.090117208882976,0.1843661182442009,6.30217709810759
NorthDakota_HRS,2018.0,2018-09-02,0.22013976373156594,-0.3628742482903447,0.181822434204763,25.33010873235526,0.19799610157984412,12.52600934761985
NorthDakota_HRS,2018.0,2018-09-09,0.18694922292936547,-0.2794025567720744,0.14281975645863468,25.72950137830807,0.19696498834444567,18.044317135023423
NorthDakota_HRS,2018.0,2018-09-16,0.23669817888754335,-0.38324995806293655,0.152941637052218,24.580239132150986,0.20114666702489054,9.515405832857786
NorthDakota_HRS,2019.0,2019-04-21,0.1644038129281076,-0.2746440799226429,0.0780553222698106,17.30179703815114,0.23138079184693713,4.694329651801414
NorthDakota_HRS,2019.0,2019-04-28,0.17021518813721254,-0.27840672405001193,0.09743386167840826,19.242578889374624,0.230557815073416,13.918473194782784
NorthDakota_HRS,2019.0,2019-05-05,0.1779535782874085,-0.29181469040446467,0.1021278849981351,13.683975382781256,0.23620994487944022,2.3634220464836253
NorthDakota_HRS,2019.0,2019-05-12,0.1857925577864593,-0.3051845153902558,0.10992959727522804,21.547947935314955,0.2299958636139139,0.07542679279450609
NorthDakota_HRS,2019.0,2019-05-19,0.1861756528300528,-0.301141111661308,0.10639581776894516,24.95769965639405,0.2246016931987331,15.5652268659517
NorthDakota_HRS,2019.0,2019-05-26,,,,25.08361139936694,0.2275988773875407,24.897301781552347
NorthDakota_HRS,2019.0,2019-06-02,0.21959044320869134,-0.28427006579738107,-114582418.58796012,31.3984918078363,0.2259418908098105,0.1326191242714573
NorthDakota_HRS,2019.0,2019-06-09,0.35303549027885384,-0.4074151072038631,0.2241222759575318,35.215301545466744,0.2135897976295372,18.765020834617285
NorthDakota_HRS,2019.0,2019-06-16,0.4588657691727071,-0.45101180536149005,0.3410718308901517,29.476309108657233,0.2175467473121516,9.325809816304833
NorthDakota_HRS,2019.0,2019-06-23,0.5551948298146429,-0.5258918725184648,0.4117779090122724,21.70154956842735,0.2348521414141331,23.157540223570177
NorthDakota_HRS,2019.0,2019-06-30,0.7268411324795558,-0.653522493294895,0.5656039370015893,26.750723743307283,0.2277569671817772,32.51889404495038
NorthDakota_HRS,2019.0,2019-07-07,0.8089429817530568,-0.7197588327104327,0.6825867955804847,28.189472644736433,0.2205479114651201,10.71914167120699
NorthDakota_HRS,2019.0,2019-07-14,0.8032183891746909,-0.7175646579706907,0.7125893489183078,27.694538501173692,0.22293699532674802,45.76073680185243
NorthDakota_HRS,2019.0,2019-07-21,0.8178544554651082,-0.7451698014970682,0.6181080347608425,26.753030626769494,0.21043391817915716,13.868725821398222
NorthDakota_HRS,2019.0,2019-07-28,0.6344914918953197,-0.5830181062477552,0.5557844957721335,27.19940378136857,0.1976182761557189,3.3430515606026603
NorthDakota_HRS,2019.0,2019-08-04,0.6214275581976273,-0.6329579196965957,127750218.79821347,28.18163521171483,0.1904329753176721,8.709975389278586
NorthDakota_HRS,2019.0,2019-08-11,0.46933438114968024,-0.5568907012593002,0.3144256614260076,26.018568211945077,0.19170617088079336,7.987023051931955
NorthDakota_HRS,2019.0,2019-08-18,0.3662438977909749,-0.45064111193192746,0.24061037875158955,22.186053249083724,0.2034027129423294,15.304485473786574
NorthDakota_HRS,2019.0,2019-08-25,0.3168440943927,-0.4530990685851234,0.20342416923460632,25.40202301004934,0.2006546423495306,20.26091538745066
NorthDakota_HRS,2019.0,2019-09-01,0.24334252322670488,-0.3349189295953499,0.23367409919431734,21.661498307665088,0.2110829607447928,10.515138914814283
NorthDakota_HRS,2019.0,2019-09-08,0.21477728865858117,-0.2978816583993291,0.2419402905377091,21.985039544913242,0.215904106513261,41.19282174543331
NorthDakota_HRS,2019.0,2019-09-15,0.2294447922959931,-0.3526486232226261,0.16733231143264357,19.506168427856156,0.2323459806216944,29.552922553149788
NorthDakota_HRS,2020.0,2020-04-19,0.1738313323777762,-0.2616378180626874,0.087998462428336,9.790686523824697,0.2639016227239426,0.0
NorthDakota_HRS,2020.0,2020-04-26,0.1759281364899258,-0.27356952527130646,0.104609353369338,17.241201659426803,0.26563828501074616,2.4314997538959373
NorthDakota_HRS,2020.0,2020-05-03,0.18387417511194903,-0.2843874570763031,0.11332095018892585,20.32440480654859,0.26898650107868655,5.9955027479204075
NorthDakota_HRS,2020.0,2020-05-10,0.1868699536495307,-0.2924396555953987,0.11493376074633936,19.111139484239875,0.27071551068583316,10.036942383285846
NorthDakota_HRS,2020.0,2020-05-17,0.1805042426967443,-0.2638168329071046,0.09405940460730014,21.695948184928493,0.26887967393916407,1.2054799784127712
NorthDakota_HRS,2020.0,2020-05-24,0.20023371156207434,-0.3224918798094586,0.1187536502486462,27.299929980174163,0.264254943984618,12.164800516541582
NorthDakota_HRS,2020.0,2020-05-31,0.25443092346236634,-0.3303594126830788,0.16574431321302102,27.369778760221898,0.2591912330382128,1.9991669218848884
NorthDakota_HRS,2020.0,2020-06-07,0.30304488667290075,-0.3640804690559754,0.18204150000916833,33.53245443315597,0.2554947227955245,22.05396274050368
NorthDakota_HRS,2020.0,2020-06-14,0.3904833710941148,-0.4204648941150548,0.25573893251963364,26.20999102304342,0.25581893988766125,13.425704818918254
NorthDakota_HRS,2020.0,2020-06-21,0.46500512605890165,-0.4559190495485506,0.32548842476668977,27.98384525702977,0.24630774126163393,12.166010387511612
NorthDakota_HRS,2020.0,2020-06-28,0.6613857197895199,-0.5993214731080785,0.4842411228880811,30.24307466079019,0.23770926654685057,13.113508511598582
NorthDakota_HRS,2020.0,2020-07-05,0.7800872447711934,-0.6921940880421512,0.6211622862994315,29.950634581184776,0.26135776355728413,59.60324011688785
NorthDakota_HRS,2020.0,2020-07-12,0.7606907736948917,-0.6859821414170353,0.6029397712221723,26.631641056312287,0.25988804952627276,16.138866932304815
NorthDakota_HRS,2020.0,2020-07-19,0.7509087007457275,-0.6844407915602277,0.5754532041858144,25.135135439720877,0.2558247536939793,42.39784454449073
NorthDakota_HRS,2020.0,2020-07-26,0.7160916187583899,-0.6502010145897846,0.5667274524435056,25.16920631953867,0.25577689621135846,19.98299418921867
NorthDakota_HRS,2020.0,2020-08-02,0.6639112029497415,-0.6302847463011839,0.471544087971464,26.607030933939033,0.2408745477081454,0.9944330440437203
NorthDakota_HRS,2020.0,2020-08-09,0.5395757391577365,-0.5458921340475779,0.5198353646369653,25.02108046961805,0.23736293048515542,9.895779453901138
NorthDakota_HRS,2020.0,2020-08-16,0.4989367456498058,-0.572061660663968,1929634.559384728,25.674631762526207,0.23696581473568645,20.109742169901587
NorthDakota_HRS,2020.0,2020-08-23,0.3237334736017538,-0.3856645741874592,1929634.5634259733,29.803939513012324,0.23094370649704377,12.505149088979596
NorthDakota_HRS,2020.0,2020-08-30,0.34729531229156085,-0.48332919189747725,0.20841683097939176,25.228837005759353,0.2261408679385595,14.170925462131443
NorthDakota_HRS,2020.0,2020-09-06,0.29236371494619856,-0.43287894585434333,0.1935531586487448,23.08761728238856,0.22522765584304516,3.3926390832562325
NorthDakota_HRS,2020.0,2020-09-13,0.2499767289043305,-0.3835200947118467,0.17538642550164768,22.331721556660145,0.22157092380028198,1.2231305404928503
NorthDakota_HRS,2020.0,2020-09-20,0.2062130287037342,-0.2313483126013018,0.1989784751417729,18.24723845722477,0.2208472241608743,0.0625591063298621
NorthDakota_HRS,2021.0,2021-04-18,0.1853019824011855,-0.2855516621490939,0.0932900440432883,20.4106224221383,0.2141414976375927,0.0965196619016257
NorthDakota_HRS,2021.0,2021-04-25,0.16291461334177582,-0.2687615420500868,0.11177673504449641,16.869861828031908,0.21105424102893688,0.1472156945925505
NorthDakota_HRS,2021.0,2021-05-02,0.1374457775229903,-0.2327476274149255,0.1253738400712976,26.061377196794826,0.20692127211332634,4.885137722302136
NorthDakota_HRS,2021.0,2021-05-09,0.18302890312135434,-0.28058751697464934,0.12139241743614848,23.994685781266163,0.20313291021937543,4.212945717966881
NorthDakota_HRS,2021.0,2021-05-16,0.18531967318536188,-0.3081509667676463,0.11172055005044958,34.093554362516365,0.1988075263067923,0.6883915571908674
NorthDakota_HRS,2021.0,2021-05-23,0.16860426408506643,-0.27933311307328806,0.13740131653531285,31.491622098233822,0.2055988312897629,29.28580898794335
NorthDakota_HRS,2021.0,2021-05-30,0.32163656362988297,-0.38565941732757913,0.20334887238889734,27.18964307288748,0.20580288963877777,7.724262464836129
NorthDakota_HRS,2021.0,2021-06-06,0.2515711310493979,-0.34298787517349766,0.1682703169852453,39.58254902496979,0.1969297490877678,7.7780778457319375
NorthDakota_HRS,2021.0,2021-06-13,0.4024687320118986,-0.4340521222986987,-258082212.7732497,32.68148693669415,0.2094014105275146,56.57587550842205
NorthDakota_HRS,2021.0,2021-06-20,0.49041738372709665,-0.5018454033021132,0.3414379352698004,34.790665354997806,0.20566692109119847,3.104342624734982
NorthDakota_HRS,2021.0,2021-06-27,0.50398748506432,-0.5201293756485917,0.36064670320701336,32.729776789381575,0.20144510357794518,1.8297055837901197
NorthDakota_HRS,2021.0,2021-07-04,0.585370470312841,-0.5665333819057531,0.4395679680006899,34.67859184218735,0.1961367088734692,7.308206718469254
NorthDakota_HRS,2021.0,2021-07-11,0.6411717656465787,-0.6106632336456682,0.45290089676782774,29.94855756673676,0.18984697291560204,8.02466056707738
NorthDakota_HRS,2021.0,2021-07-18,0.5578793693007723,-0.5453586975735244,0.41043010982238204,32.33869045223904,0.18241126200595725,8.900365525494951
NorthDakota_HRS,2021.0,2021-07-25,0.45835738041608465,-0.4992710967489093,0.30994581002460986,32.71006991257175,0.17915136388478012,13.705980666595051
NorthDakota_HRS,2021.0,2021-08-01,0.39934427333208317,-0.4567715934383708,0.2823339493728254,31.894716778100634,0.17280493994166354,0.0436230927758526
NorthDakota_HRS,2021.0,2021-08-08,0.35051233402115617,-0.4273286914478957,160350007.69896513,31.73227928630819,0.1730399506960328,1.8222782204071986
NorthDakota_HRS,2021.0,2021-08-15,0.2766559635574925,-0.41385543179761514,139565079.9088172,30.260274383233536,0.1789003345721684,19.31220863790897
NorthDakota_HRS,2021.0,2021-08-22,0.23391275218386706,-0.3335135921756321,0.18855819800067022,28.275084745122335,0.2042687915479139,18.956454796224786
NorthDakota_HRS,2021.0,2021-08-29,0.21549324891912533,-0.29815734179671655,0.23749807726446234,23.29315165311537,0.2186260897812902,38.821734234733974
NorthDakota_HRS,2021.0,2021-09-05,0.26532350194504223,-0.3577290933442682,0.16247658719489905,25.338053185856143,0.21923426312748798,3.2418017654394395
NorthDakota_HRS,2021.0,2021-09-12,0.2708922330953573,-0.3324682490087265,0.22691183211055543,26.56880814515836,0.20991409790704973,2.9501997869119156
NorthDakota_HRS,2021.0,2021-09-19,0.3120592019509208,-0.38203943737138113,0.18529456613635664,21.569339346242224,0.2054423539232026,10.803089010941768
NorthDakota_HRS,2022.0,2022-04-17,,,,-7.654958164316592,0.2458414256667855,6.421301892818109
NorthDakota_HRS,2022.0,2022-04-24,-0.019744615326983787,0.008508390737767173,-0.1312006565609735,-2.64406471152435,0.25227824207061444,47.53593873340166
NorthDakota_HRS,2022.0,2022-05-01,0.156851969817533,-0.2515648209479048,0.06340542259859726,6.029108891254684,0.2667215169558621,10.050882799706311
NorthDakota_HRS,2022.0,2022-05-08,0.16215531575516567,-0.2547946860856449,0.09703788689867865,18.535893919752418,0.2755666411992547,11.567946308516069
NorthDakota_HRS,2022.0,2022-05-15,0.19918157097332406,-0.304099187316561,0.09836074809289438,17.072671191121856,0.28012340281677933,41.84910615646982
NorthDakota_HRS,2022.0,2022-05-22,0.1983937914801234,-0.2955868902578178,0.1133274918687032,17.081189105565883,0.2833439297351673,16.370931003342964
NorthDakota_HRS,2022.0,2022-05-29,0.20792991005529943,-0.2964359596067837,0.14040288298332118,26.954399539696077,0.2816769965913157,11.02307336584415
NorthDakota_HRS,2022.0,2022-06-05,0.2420885021825016,-0.32944291260299563,0.1454045361006804,25.474376714649985,0.2767034307569987,21.140847189408678
NorthDakota_HRS,2022.0,2022-06-12,0.2511928442122914,-0.30050283780015263,0.1569891616897068,30.38130018146799,0.27413387775624476,0.1812427190964744
NorthDakota_HRS,2022.0,2022-06-19,0.4223904118600729,-0.4365143226786197,0.2761849299682863,28.877801375082647,0.2749132824086666,37.90830212179566
NorthDakota_HRS,2022.0,2022-06-26,0.4983456945749233,-0.46104057361481166,0.4130195837356539,31.02858796724379,0.2724186429913134,23.895277960787215
NorthDakota_HRS,2022.0,2022-07-03,0.624122378838315,-0.5606592537282823,188361242.88738275,27.912814080092282,0.26496819072710226,8.37322908468578
NorthDakota_HRS,2022.0,2022-07-10,0.7219370150984924,-0.6500414320199198,0.5570906209997949,25.547249635441098,0.25705697167105124,34.41986734843133
NorthDakota_HRS,2022.0,2022-07-17,0.7357144981510713,-0.6607603014557031,-258840334.81581402,27.96705872678152,0.25289093337190766,16.29705336683724
NorthDakota_HRS,2022.0,2022-07-24,0.7677730906904563,-0.6995616846182413,0.6270023004633094,26.38614750526238,0.24903200636394618,21.816382911599014
NorthDakota_HRS,2022.0,2022-07-31,0.609059338008309,-0.5518136137676158,0.6028836250055917,24.5960818372264,0.2422368774798985,3.0674649822312348
NorthDakota_HRS,2022.0,2022-08-07,0.6235012186676315,-0.5972184650477915,-320592881.591006,25.394753177893485,0.23456983453733607,5.092950853348024
NorthDakota_HRS,2022.0,2022-08-14,0.6243783948865654,-0.6368481795901202,0.46696555348386715,26.177775390104642,0.23208155945566947,1.373967025246948
NorthDakota_HRS,2022.0,2022-08-21,0.371518456525937,-0.4457956147126601,0.23523508401414342,25.36322258657164,0.23528927067747685,20.26828460734955
NorthDakota_HRS,2022.0,2022-08-28,0.37187417025370173,-0.48109635962768554,0.24232567028412455,25.14802004315766,0.2352370317171606,18.557830688767023
NorthDakota_HRS,2022.0,2022-09-04,0.31087807179064864,-0.4729265880159105,0.19444295775142503,28.06143282725221,0.22806670723637576,0.0361474380930982
NorthDakota_HRS,2022.0,2022-09-11,0.26227894710406047,-0.41736116780469174,0.18795065094143126,26.354207025387296,0.22242330199280447,3.308992504363043
NorthDakota_HRS,2022.0,2022-09-18,0.2622254550375895,-0.4196298157908447,0.1900742353948505,21.824443413925735,0.2212669609683012,0.169881786472998
NorthDakota_HRS,2023.0,2023-04-16,,,,7.6139182628502535,0.2471611509291271,0.0
NorthDakota_HRS,2023.0,2023-04-23,0.02058773370580263,-0.06677148804499806,-0.32570123922245875,2.4678834096674973,0.246188724939034,10.619536900921728
NorthDakota_HRS,2023.0,2023-04-30,0.08431038544409507,-0.158750895950548,109897791.73619816,11.909417543571648,0.24495018957470624,7.220869578691302
NorthDakota_HRS,2023.0,2023-05-07,0.17583018096304137,-0.2949691068663301,0.09794512056237344,22.15766521813585,0.24710106652987554,1.4987231895561717
NorthDakota_HRS,2023.0,2023-05-14,0.18760732929897592,-0.30404209766332063,0.09616016931199645,25.323065563262258,0.24989079376028403,20.211360024772205
NorthDakota_HRS,2023.0,2023-05-21,0.19893160480880837,-0.3003336680486045,0.11912137535289115,30.359314651799085,0.24775099577550494,1.6228053865674197
NorthDakota_HRS,2023.0,2023-05-28,0.20523057583714624,-0.27773636328060974,33387300.763645325,33.13577370077269,0.23572427059503856,4.838446142869282
NorthDakota_HRS,2023.0,2023-06-04,0.2819884294545807,-0.33130792420480226,-183702291.5085747,35.708922225069735,0.22920213457559338,14.365233694369765
NorthDakota_HRS,2023.0,2023-06-11,0.44600824858689314,-0.44084465863710326,723380394.9791679,35.19636785501622,0.22397609964439424,18.262890956831285
NorthDakota_HRS,2023.0,2023-06-18,0.47924609369462867,-0.4412211572256198,0.405176840059847,32.18759892181983,0.21844014196284753,4.939047883449063
NorthDakota_HRS,2023.0,2023-06-25,0.2969207914517393,-0.2562007555340853,-3459573918.035206,26.27727956825576,0.22458317166183625,31.946472199892842
NorthDakota_HRS,2023.0,2023-07-02,0.7095698226823796,-0.625521886816294,0.6229394619751935,27.99496595069252,0.23444124186554616,25.983635310669136
NorthDakota_HRS,2023.0,2023-07-09,0.7734653656944374,-0.7064845785339186,0.6245917047712458,24.98146785609715,0.21579427798889028,4.562405112460429
NorthDakota_HRS,2023.0,2023-07-16,0.7053022275663066,-0.6304685176786845,0.6389366557795899,23.21696468945002,0.20603980492878712,0.8724764976429787
NorthDakota_HRS,2023.0,2023-07-23,0.6997907344173181,-0.6446959787480188,0.5887815811568411,26.25720772988658,0.20010399374603158,2.9066808693884485
NorthDakota_HRS,2023.0,2023-07-30,0.6835201138165852,-0.6537989337012052,0.48481428817372235,28.190154462843857,0.1935595700005893,6.99332065016246
NorthDakota_HRS,2023.0,2023-08-06,0.5691593434095478,-0.5937529611852627,0.3660427675728646,30.173996258371126,0.19009148790877162,14.18908452273296
NorthDakota_HRS,2023.0,2023-08-13,0.3943925793010239,-0.44299195714980977,0.3319082181811957,25.46625070237195,0.1910697987700987,22.13532582060859
NorthDakota_HRS,2023.0,2023-08-20,0.338489423394903,-0.4120322235740415,0.20856807421254214,25.70399749261613,0.1964045167499625,0.9225326374012799
NorthDakota_HRS,2023.0,2023-08-27,0.2726069033221457,-0.3043022626801691,0.24862993141191522,23.858569623900387,0.19749900234600992,2.1729085088854467
NorthDakota_HRS,2023.0,2023-09-03,0.2618988118722838,-0.39547564547346165,0.16470009348920336,29.486851833716603,0.1985219719504754,10.637238107618307
NorthDakota_HRS,2023.0,2023-09-10,0.25833263018273017,-0.3842448515091984,15710224.119646287,26.749960665478117,0.20302249042155265,23.130486750751682
NorthDakota_HRS,2023.0,2023-09-17,0.2450882194025915,-0.3720460637024937,27492892.070056405,21.229759426873933,0.2075236634541284,2.8254962213246073
NorthDakota_HRS,2024.0,2024-04-21,0.20560682548188552,-0.33491717209888,0.11734743402747186,11.644951323055896,0.22701673394412328,26.322373677480776
NorthDakota_HRS,2024.0,2024-04-28,0.1833936397809893,-0.29945788684244773,0.10925193979993554,20.4190686686689,0.22510511435507272,11.334486643581796
NorthDakota_HRS,2024.0,2024-05-05,0.18698083493196266,-0.30974459697603307,0.11556438891400815,13.728456229737827,0.24268389023708323,6.9864160213639845
NorthDakota_HRS,2024.0,2024-05-12,0.18346514125354635,-0.2981664263469867,0.11595304197249752,22.118257141242054,0.2477102873132809,27.855984835476093
NorthDakota_HRS,2024.0,2024-05-19,0.21409681745329326,-0.32430477111238126,0.13183254033636554,25.455414368148745,0.2361809842660144,21.17578812945365
NorthDakota_HRS,2024.0,2024-05-26,0.2610298500763903,-0.33205338578399307,0.19435483854995436,21.036452042341686,0.2475916105977254,57.92439170478725
NorthDakota_HRS,2024.0,2024-06-02,0.33337727881823415,-0.36951937677147706,0.24285153879663582,22.33346017042765,0.2562935777015601,11.34321269397779
NorthDakota_HRS,2024.0,2024-06-09,0.42275312496251,-0.4353171722466191,0.3116231191040971,24.102610835127027,0.2567722409509872,17.659873190820008
NorthDakota_HRS,2024.0,2024-06-16,0.5400934349362256,-0.5259616073827452,0.3808286879432191,27.257354946607318,0.2456449897184411,29.229664134392962
NorthDakota_HRS,2024.0,2024-06-23,0.6726211643339581,-0.6058958444423332,-984857509.8183974,24.03415826293806,0.2630397360782496,25.698322888155193
NorthDakota_HRS,2024.0,2024-06-30,0.7956970407509326,-0.7088649124088331,0.7110651889519464,22.578890928214793,0.2616919611941244,37.08559663093675
NorthDakota_HRS,2024.0,2024-07-07,0.7631151542869885,-0.675042621078349,0.737520276294642,23.033212579966154,0.2720828072311514,37.05530280227957
NorthDakota_HRS,2024.0,2024-07-14,0.7773590605292539,-0.6914416034772859,346849804.27193433,28.025040666487858,0.2544003057628302,10.651987634493027
NorthDakota_HRS,2024.0,2024-07-21,0.6875461369375214,-0.5991698017102257,0.7209687360005963,25.2982585565778,0.2478441696828664,19.86836180613024
NorthDakota_HRS,2024.0,2024-07-28,0.5987846645594913,-0.5274795452082565,0.3025199186229422,25.69124592001572,0.2395598370966291,4.454073520033557
NorthDakota_HRS,2024.0,2024-08-04,0.6819045900968287,-0.658563345099831,0.5005759610215306,26.824078083155936,0.22885728997069457,15.093611291963603
NorthDakota_HRS,2024.0,2024-08-11,0.5864123790882588,-0.5759318649349281,0.45494123651200996,22.32774561801184,0.2277295760409734,1.5184673332772378
NorthDakota_HRS,2024.0,2024-08-18,0.3587352602533192,-0.451794223067783,0.1924025483504721,23.17414528985594,0.2408958447153987,21.754370578552276
NorthDakota_HRS,2024.0,2024-08-25,0.371578889496521,-0.47614286053546545,0.23493503341231842,24.778790714172573,0.2429140394631868,14.04723866640549
NorthDakota_HRS,2024.0,2024-09-01,0.29816454351801397,-0.4263158640932771,0.20067446877285539,21.744838583422105,0.2422885419997802,35.67639199980907
NorthDakota_HRS,2024.0,2024-09-08,0.2457416575415012,-0.34099688488009516,0.15389335725956607,22.184692894090094,0.2346473890334453,1.0671389174814152
NorthDakota_HRS,2024.0,2024-09-15,0.27645610608656623,-0.3692221126787228,0.23538685428007722,23.091784761050373,0.22793937459766353,15.381331787174547
